frame,sensor_ns,queue_ms,pre_ms,infer_ms,post_ms,total_ms
1,112553348591700,40.48,4.79,0.00,0.06,45.34
2,112553374330500,40.32,4.23,0.00,0.08,44.63
3,112553399234300,40.11,2.80,0.00,0.83,43.74
4,112553423113400,40.09,3.16,0.00,0.05,43.30
5,112553446824500,40.85,4.95,0.00,0.06,45.87
6,112553473432400,40.13,5.03,0.00,0.10,45.26
7,112553499173200,40.15,6.15,0.00,0.06,46.36
8,112553526089100,40.40,4.52,0.00,0.04,44.96
9,112553551419400,40.15,7.07,0.00,0.13,47.36
10,112553579372300,40.13,4.65,0.00,0.07,44.85
11,112553604673000,40.27,2.85,0.00,0.05,43.17
12,112553628673100,40.15,3.01,0.00,0.08,43.24
13,112553652601700,40.11,2.92,0.00,0.06,43.09
14,112553676330000,40.52,3.23,0.00,0.07,43.82
15,112553700704200,40.11,2.83,0.00,0.06,43.00
16,112553724539900,40.09,3.34,0.00,0.04,43.47
17,112553752397400,40.49,4.80,0.00,0.06,45.35
18,112553778449900,40.09,2.79,0.00,0.07,42.96
19,112553801949800,40.13,3.87,0.00,0.06,44.06
20,112553826639900,40.41,4.39,0.00,0.05,44.85
21,112553852121600,40.09,2.83,0.00,0.06,42.98
22,112553876121400,40.19,6.82,0.00,0.11,47.13
23,112553903947200,40.09,4.03,0.00,0.14,44.27
24,112553928866300,40.25,2.98,0.00,0.05,43.28
25,112553952589700,40.28,2.89,0.00,0.06,43.22
26,112553976477600,40.17,3.37,0.00,0.06,43.60
27,112554000505900,40.15,2.85,0.00,0.05,43.05
28,112554024091000,40.13,2.87,0.00,0.10,43.09
29,112554047505300,40.15,4.29,0.00,0.06,44.49
30,112554072667800,40.28,3.14,0.00,0.07,43.50
31,112554096377800,40.18,2.71,0.00,0.07,42.96
32,112554120016300,40.09,4.04,0.00,0.05,44.19
33,112554144868300,40.36,8.49,0.00,0.15,49.00
34,112554174240600,40.13,3.89,0.00,0.04,44.07
35,112554198595300,40.37,3.64,0.00,0.05,44.06
36,112554223295300,40.13,5.44,0.01,0.08,45.66
37,112554249547300,40.17,4.09,0.00,0.06,44.32
38,112554274283500,40.10,2.67,0.00,0.05,42.82
39,112554297391200,40.18,4.74,0.00,0.09,45.00
40,112554322922100,40.33,2.68,0.00,0.04,43.05
41,112554346599100,40.14,4.90,0.00,0.07,45.11
42,112554372188800,40.27,4.45,0.00,0.04,44.75
43,112554397598300,40.16,4.96,0.00,0.07,45.19
44,112554423256200,40.10,3.05,0.00,0.05,43.21
45,112554446596800,40.34,3.37,0.00,0.05,43.76
46,112554470951000,40.10,5.78,0.00,0.10,45.98
47,112554497460800,40.22,4.62,0.00,0.06,44.89
48,112554522676100,40.10,4.05,0.00,0.06,44.21
49,112554547470600,40.12,6.44,0.00,0.07,46.63
50,112554574366600,40.27,2.94,0.00,0.05,43.26
51,112554597896200,40.10,2.67,0.00,0.03,42.80
52,112554621356000,40.09,2.92,0.00,0.05,43.06
53,112554644729200,40.17,3.75,0.00,0.06,43.99
54,112554669240700,40.10,2.96,0.00,0.10,43.16
55,112554692932900,40.45,3.75,0.00,0.06,44.27
56,112554717382300,40.11,2.95,0.00,0.05,43.11
57,112554741045700,40.13,4.29,0.00,0.08,44.50
58,112554765836100,40.10,3.35,0.00,0.06,43.52
59,112554789632700,40.12,3.74,0.00,0.05,43.91
60,112554813793300,40.45,4.18,0.00,0.08,44.70
61,112554838914500,40.09,4.10,0.00,0.05,44.25
62,112554863457600,40.09,3.31,0.00,0.05,43.45
63,112554887303600,40.10,2.79,0.00,0.49,43.38
64,112554911376800,40.20,4.45,0.00,0.07,44.72
65,112554936340000,40.25,2.92,0.00,0.05,43.22
66,112554959922900,40.09,2.74,0.00,0.05,42.88
67,112554983141200,40.09,3.06,0.00,0.05,43.21
68,112555006735900,40.10,4.02,0.00,0.06,44.17
69,112555031203500,40.11,3.95,0.00,0.07,44.13
70,112555055708700,40.49,5.14,0.00,0.09,45.73
71,112555081983400,40.09,3.26,0.00,0.05,43.41
72,112555105866700,40.11,4.87,0.00,0.06,45.04
73,112555131348100,40.15,3.55,0.00,0.12,43.83
74,112555155734300,40.08,2.77,0.00,0.05,42.90
75,112555179128000,40.53,4.56,0.00,0.07,45.15
76,112555204833500,40.10,2.66,0.00,0.05,42.81
77,112555228024500,40.09,4.25,0.00,0.06,44.40
78,112555253017800,40.09,2.64,0.00,0.05,42.78
79,112555276144300,40.08,2.98,0.00,0.06,43.12
80,112555299538600,40.41,6.32,0.00,0.10,46.84
81,112555327043300,40.10,4.15,0.00,0.05,44.30
82,112555351882000,40.13,5.82,0.00,0.09,46.04
83,112555378499100,40.12,5.17,0.00,0.05,45.35
84,112555404398200,40.08,3.23,0.00,0.06,43.37
85,112555428379700,40.32,3.63,0.00,0.06,44.01
86,112555453014000,40.14,3.17,0.00,0.06,43.37
87,112555476873900,40.10,5.63,0.00,0.06,45.78
88,112555503200700,40.14,6.19,0.00,0.06,46.39
89,112555530119300,40.10,2.98,0.00,0.06,43.15
90,112555553930600,40.38,3.32,0.00,0.06,43.76
91,112555578037000,40.11,3.89,0.00,0.04,44.04
92,112555602307200,40.09,2.66,0.00,0.04,42.79
93,112555625663100,40.10,4.15,0.00,0.06,44.32
94,112555650264400,40.12,5.45,0.00,0.04,45.61
95,112555676420300,40.68,6.58,0.00,0.85,48.11
96,112555705066400,40.09,3.59,0.00,0.05,43.73
97,112555729347700,40.11,4.84,0.00,0.04,45.00
98,112555754622100,40.11,3.29,0.00,0.04,43.44
99,112555778260600,40.14,4.32,0.00,0.04,44.51
100,112555803152700,40.31,3.00,0.00,0.05,43.36
101,112555827025600,40.13,4.66,0.00,0.04,44.83
102,112555852290700,40.10,3.02,0.00,0.04,43.16
103,112555876042700,40.09,3.21,0.00,0.04,43.34
104,112555899902900,40.08,2.52,0.00,0.03,42.64
105,112555923210600,40.28,4.00,0.00,0.04,44.33
106,112555947990300,40.15,3.29,0.00,0.04,43.48
107,112555971806100,40.11,2.80,0.00,0.04,42.94
108,112555995529100,40.17,3.50,0.00,0.06,43.74
109,112556020002500,40.12,5.17,0.00,0.04,45.33
110,112556045880700,40.67,6.03,0.00,0.04,46.73
111,112556073281300,40.12,2.81,0.00,0.04,42.97
112,112556096798500,40.11,5.72,0.00,0.04,45.86
113,112556123032300,40.12,2.88,0.00,0.04,43.04
114,112556146417200,40.24,4.11,0.00,0.04,44.39
115,112556171357300,40.52,3.28,0.00,0.05,43.85
116,112556195476300,40.18,4.34,0.00,0.04,44.56
117,112556220724700,40.09,2.88,0.00,0.04,43.02
118,112556244188200,40.13,3.08,0.00,0.04,43.25
119,112556267844400,40.09,4.06,0.00,0.04,44.19
120,112556292893000,40.63,4.35,0.00,0.04,45.02
121,112556318733100,40.12,6.08,0.00,0.05,46.26
122,112556345731800,40.11,5.08,0.00,0.04,45.23
123,112556371449700,40.19,3.16,0.00,0.03,43.38
124,112556395508900,40.23,3.17,0.00,0.15,43.55
125,112556419799100,40.25,2.77,0.00,0.03,43.05
126,112556443425500,40.16,3.50,0.00,0.04,43.70
127,112556467287800,40.11,3.07,0.00,0.04,43.22
128,112556490843500,40.11,3.48,0.00,0.07,43.66
129,112556514914200,40.14,3.72,0.00,0.04,43.90
130,112556539210900,40.32,4.09,0.00,0.04,44.44
131,112556563979800,40.14,3.84,0.00,0.04,44.02
132,112556588463300,40.12,7.69,0.00,0.05,47.85
133,112556616771200,40.13,4.86,0.00,0.04,45.03
134,112556642340500,40.12,4.27,0.00,0.06,44.45
135,112556667497800,40.34,3.96,0.00,0.04,44.35
136,112556692192900,40.13,4.90,0.00,0.08,45.10
137,112556717713300,40.14,5.67,0.00,0.05,45.86
138,112556743788500,40.11,4.61,0.00,0.05,44.77
139,112556768900500,40.09,3.96,0.00,0.07,44.12
140,112556793390000,40.26,3.18,0.00,0.04,43.48
141,112556817141000,40.14,2.86,0.00,0.04,43.04
142,112556840446000,40.09,2.60,0.00,0.04,42.72
143,112556863490600,40.12,2.96,0.00,0.03,43.11
144,112556887030900,40.09,4.33,0.00,0.04,44.47
145,112556911704000,40.25,3.86,0.00,0.06,44.17
146,112556936460600,40.09,3.34,0.00,0.04,43.48
147,112556960645600,40.09,3.12,0.00,0.04,43.25
148,112556984442600,40.13,2.95,0.00,0.03,43.11
149,112557008018700,40.09,3.48,0.00,0.04,43.60
150,112557032237100,40.27,2.72,0.00,0.03,43.02
151,112557055716500,40.09,3.73,0.00,0.05,43.88
152,112557080006300,40.25,3.94,0.00,0.05,44.24
153,112557104653800,40.10,2.91,0.00,0.04,43.04
154,112557128026400,40.11,3.76,0.00,0.07,43.94
155,112557152584800,40.29,2.85,0.00,0.03,43.17
156,112557175918800,40.10,2.52,0.00,0.03,42.65
157,112557198916300,40.16,2.96,0.00,0.04,43.15
158,112557222491500,40.13,3.70,0.00,0.03,43.86
159,112557247175200,40.12,3.33,0.00,0.04,43.49
160,112557270837400,40.51,4.84,0.00,0.04,45.40
161,112557297129000,40.15,3.05,0.00,0.04,43.24
162,112557320926700,40.09,3.41,0.00,0.04,43.55
163,112557345155800,40.30,3.28,0.00,0.03,43.61
164,112557368963300,40.11,2.98,0.00,0.04,43.13
165,112557392358200,40.27,2.96,0.00,0.05,43.28
166,112557415984100,40.11,2.93,0.00,0.04,43.08
167,112557439597500,40.09,2.76,0.00,0.03,42.88
168,112557462686100,40.36,4.53,0.00,0.08,44.97
169,112557488195300,40.08,3.16,0.00,0.04,43.29
170,112557512027900,40.43,3.33,0.00,0.04,43.80
171,112557536436000,40.09,3.98,0.00,0.05,44.12
172,112557561127100,40.21,3.86,0.00,0.04,44.11
173,112557585520900,40.19,4.47,0.00,0.04,44.71
174,112557610486400,40.12,5.14,0.00,0.04,45.30
175,112557636124200,40.28,2.90,0.00,0.03,43.22
176,112557659527500,40.11,3.20,0.00,0.05,43.37
177,112557683499100,40.11,2.78,0.00,0.04,42.92
178,112557706831000,40.10,2.73,0.00,0.03,42.86
179,112557730528700,40.29,5.67,0.00,0.08,46.05
180,112557757108700,40.52,4.60,0.00,0.08,45.20
181,112557782695600,40.18,3.09,0.00,0.07,43.34
182,112557806360700,40.10,3.18,0.00,0.04,43.32
183,112557830350700,40.15,3.47,0.00,0.07,43.70
184,112557854471100,40.16,3.65,0.00,0.04,43.85
185,112557878772800,40.57,3.26,0.00,0.04,43.88
186,112557902881600,40.09,2.75,0.00,0.03,42.88
187,112557926276400,40.11,4.07,0.00,0.11,44.29
188,112557950923500,40.09,2.66,0.00,0.04,42.79
189,112557974111300,40.09,2.65,0.00,0.03,42.77
190,112557997391100,40.43,2.98,0.00,0.04,43.46
191,112558021715600,40.33,12.29,0.00,0.11,52.74
192,112558055022000,40.21,5.20,0.00,0.06,45.47
193,112558081422100,40.26,6.21,0.00,0.09,46.57
194,112558108678400,40.12,2.89,0.00,0.04,43.04
195,112558132125700,40.29,2.95,0.00,0.04,43.28
196,112558155802400,40.11,2.85,0.00,0.04,43.00
197,112558179437000,40.17,4.71,0.00,0.04,44.93
198,112558204851400,40.11,3.82,0.00,0.04,43.97
199,112558229288700,40.35,5.77,0.00,0.04,46.16
200,112558255771500,40.40,4.02,0.00,0.04,44.45
201,112558280440100,40.11,4.26,0.00,0.05,44.42
202,112558305384200,40.11,5.05,0.00,0.04,45.20
203,112558330994100,40.09,3.35,0.00,0.04,43.48
204,112558355360100,40.23,5.49,0.00,0.04,45.76
205,112558381394800,40.40,8.23,0.00,0.04,48.68
206,112558410473300,40.09,2.97,0.00,0.04,43.11
207,112558434157700,40.14,2.87,0.00,0.03,43.04
208,112558457504300,40.09,2.48,0.00,0.03,42.61
209,112558480437100,40.13,4.19,0.00,0.04,44.36
210,112558505132800,40.39,4.15,0.00,0.03,44.57
211,112558530485500,40.09,3.33,0.00,0.04,43.45
212,112558554625800,40.12,2.99,0.00,0.04,43.15
213,112558578068700,40.11,3.48,0.00,0.05,43.64
214,112558602291200,40.18,5.69,0.00,0.05,45.92
215,112558628512100,40.31,3.17,0.00,0.04,43.53
216,112558652251800,40.12,4.67,0.00,0.06,44.85
217,112558677658600,40.26,4.66,0.00,0.06,44.98
218,112558703125300,40.22,3.63,0.00,0.03,43.90
219,112558727340700,40.20,3.38,0.00,0.04,43.62
220,112558751594700,40.27,2.78,0.00,0.03,43.07
221,112558775153700,40.13,3.17,0.00,0.04,43.34
222,112558798880100,40.11,3.35,0.00,0.03,43.49
223,112558822557400,40.11,3.85,0.00,0.04,43.99
224,112558846988700,40.10,3.24,0.00,0.04,43.39
225,112558871040900,40.36,4.83,0.00,0.05,45.24
226,112558896903300,40.22,4.18,0.00,0.04,44.44
227,112558921878200,40.09,3.26,0.00,0.03,43.38
228,112558945637700,40.18,2.90,0.00,0.04,43.12
229,112558968929900,40.09,2.76,0.00,0.03,42.88
230,112558992252300,40.42,4.60,0.00,0.04,45.06
231,112559017895300,40.08,2.67,0.00,0.03,42.78
232,112559041330000,40.11,2.77,0.00,0.04,42.92
233,112559064929500,40.19,3.99,0.00,0.04,44.22
234,112559089334500,40.10,4.62,0.00,0.04,44.76
235,112559114413300,40.31,3.94,0.00,0.04,44.30
236,112559139204200,40.11,3.64,0.00,0.03,43.78
237,112559163308600,40.16,4.68,0.00,0.04,44.88
238,112559188765800,40.13,3.47,0.00,0.04,43.64
239,112559213081800,40.17,3.51,0.00,0.07,43.75
240,112559237379500,40.34,2.91,0.00,0.03,43.29
241,112559261110800,40.17,4.84,0.00,0.05,45.06
242,112559286461600,40.21,8.29,0.00,0.07,48.58
243,112559315647300,40.31,5.61,0.00,0.07,46.00
244,112559341999800,40.24,4.54,0.00,0.06,44.84
